Home;Away;1;X;2;1X;X2;12;O15;U15;O25;U25;O35;U35;GG;Missing XGS;Both Cards
Krylya Sovetov Samara;FK Akhmat;28.25;51.96;19.79;80.21000000000001;71.75;48.04;14.93;85.07;0.8;99.2;0.04;99.96;13.46;false;57.38
Nizhny Novgorod;Dynamo Makhachkala;19.05;62.48;18.47;81.53;80.94999999999999;37.519999999999996;6.2;93.8;0.13;99.87;0.0;100.0;5.68;false;55.62
