Home;Away;1;X;2;1X;X2;12;O15;U15;O25;U25;O35;U35;GG;Missing XGS;Both Cards;Score;Bet1;BetX;Bet2;BetO15;BetU15;BetO25;BetU25;BetO35;BetU35;BetGG;BetNG;Edge1;EdgeX;Edge2;EdgeO15;EdgeU15;EdgeO25;EdgeU25;EdgeO35;EdgeU35;EdgeGG;EdgeNG;Kelly1;KellyX;Kelly2;KellyO15;KellyU15;KellyO25;KellyU25;KellyO35;KellyU35;KellyGG;KellyNG
Celta Vigo;Levante;31.66;40.86;27.48;72.52;68.34;59.14;36.15;63.85;13.73;86.27;3.97;96.03;21.98;false;66.78;0-0:28.36;1.85;3.75;3.9;;;;;;;;;-0.2239;0.1419;0.0184;;;;;;;;;0;0.0516;0.0063;0;0;0;0;0;0;0;0
Real Betis;Elche;60.91;23.73;15.36;84.64;39.09;76.27;68.64;31.36;42.39;57.61;21.3;78.7;41.57;false;63.91;1-0:16.01;1.6;4.2;5.0;;;;;;;;;-0.0159;-0.0008;-0.0464;;;;;;;;;0;0;0;0;0;0;0;0;0;0;0
Osasuna;Atletico Madrid;48.92;29.94;21.14;78.86;51.08;70.06;55.93;44.07;29.05;70.95;11.82;88.18;33.99;false;71.58;1-0:18.39;2.55;3.5;2.625;;;;;;;;;0.097;0.0137;-0.1696;;;;;;;;;0.0626;0.0055;0;0;0;0;0;0;0;0;0
Aberdeen;St. Mirren;38.98;33.12;27.9;72.1;61.019999999999996;66.88;53.22;46.78;26.57;73.43;10.6;89.4;34.24;false;50.86;0-0:17.34;2.2;3.5;3.1;;;;;;;;;-0.0647;0.0455;-0.0436;;;;;;;;;0;0.0182;0;0;0;0;0;0;0;0;0
Kilmarnock;Dundee FC;45.25;29.5;25.25;74.75;54.75;70.5;60.47;39.53;33.73;66.27;15.0;85.0;39.31;false;0.0;1-0:16.08;1.8;3.8;4.1;;;;;;;;;-0.1031;0.0318;0.0086;;;;;;;;;0;0.0114;0.0028;0;0;0;0;0;0;0;0
Dundee United;Livingston;40.5;38.24;21.26;78.74000000000001;59.5;61.760000000000005;37.49;62.51;15.08;84.92;4.45;95.55;21.74;false;33.02;0-0:26.68;1.7;4.0;4.5;;;;;;;;;-0.1832;0.1324;-0.0096;;;;;;;;;0;0.0441;0;0;0;0;0;0;0;0;0
