Home;Away;1;X;2;1X;X2;12;O15;U15;O25;U25;O35;U35;GG;Missing XGS;Both Cards;Score;Bet1;BetX;Bet2;BetO15;BetU15;BetO25;BetU25;BetO35;BetU35;BetGG;BetNG;Edge1;EdgeX;Edge2;EdgeO15;EdgeU15;EdgeO25;EdgeU25;EdgeO35;EdgeU35;EdgeGG;EdgeNG;Kelly1;KellyX;Kelly2;KellyO15;KellyU15;KellyO25;KellyU25;KellyO35;KellyU35;KellyGG;KellyNG
Pisa;Lecce;48.24;34.716;17.044;82.956;51.760000000000005;65.284;43.767;56.233;18.818;81.182;6.403;93.597;24.169;false;51.582;1-0:23.087;3.5;3.0;2.3;;;;;;;;;0.1967;0.0138;-0.2643;;;;;;;;;0.0787;0.0069;0;0;0;0;0;0;0;0;0
Livingston;Aberdeen;38.332;36.687;24.981;75.019;61.668;63.313;43.423;56.577;18.661;81.339;6.234;93.766;26.649;false;5.027;0-0:22.918;2.8;3.5;2.375;;;;;;;;;0.0262;0.0812;-0.1712;;;;;;;;;0.0146;0.0325;0;0;0;0;0;0;0;0;0
Girona;Mallorca;37.559;35.595;26.846;73.154;62.441;64.405;46.409;53.591;20.834;79.166;7.341;92.659;29.175;false;69.347;0-0:20.866;2.0;3.4;3.75;;;;;;;;;-0.1244;0.0618;0.0018;;;;;;;;;0;0.0258;0.0007;0;0;0;0;0;0;0;0
Leeds;Burnley;60.451;23.771;15.778;84.22200000000001;39.549;76.229;68.681;31.319;42.621;57.379;21.816;78.184;41.35;false;53.247;1-0:15.536;1.364;5.0;8.5;;;;;;;;;-0.1286;0.0377;0.0401;;;;;;;;;0;0.0094;0.0053;0;0;0;0;0;0;0;0
